image,width,height,ul_lon,ul_lat,ur_lon,ur_lat,br_lon,br_lat,bl_lon,bl_lat
nc-0001-00-000001.jpg,640,640,34.6483811,32.3464949,34.6686932,32.4811935,34.7838534,32.4564022,34.7635413,32.3217036
nc-0002-00-000002.jpg,640,640,31.6225511,31.0952365,31.6428653,30.9606698,31.5276782,30.9359395,31.507364,31.0705063
nc-0003-00-000003.jpg,640,640,34.2488879,35.6363798,34.2691375,35.5008537,34.1538918,35.4759143,34.1336422,35.6114404
nc-0004-00-000004.jpg,640,640,31.6230329,31.0903939,31.6433205,30.9554623,31.5280918,30.9306249,31.5078042,31.0655565
nc-0005-00-000005.jpg,640,640,35.7523128,34.6028075,35.7725628,34.4672816,35.6573171,34.4423415,35.6370671,34.5778674
nc-0006-00-000006.jpg,640,640,35.0285816,33.729179,35.048868,33.5942736,34.9337115,33.569387,34.9134251,33.7042924
nc-0007-00-000007.jpg,640,640,32.3440181,34.8611887,32.3643045,34.7262833,32.2491481,34.7013968,32.2288617,34.8363022
nc-0008-00-000008.jpg,640,640,31.542515,30.7905017,31.5627855,30.6551786,31.4475625,30.6303317,31.4272921,30.7656549
nc-0009-00-000009.jpg,640,640,31.5530932,30.8178478,31.5733914,30.6829356,31.4582086,30.6581373,31.4379104,30.7930494
nc-0010-00-000010.jpg,640,640,34.6035453,32.4180423,34.6238584,32.5527409,34.7390186,32.5279498,34.7187055,32.3932512
nc-0011-00-000011.jpg,640,640,31.6270746,30.9473367,31.6473884,30.8127695,31.5322011,30.788041,31.5118873,30.9226081
nc-0012-00-000012.jpg,640,640,33.3459785,35.2456209,33.3662297,35.1100952,33.250984,35.0851545,33.2307328,35.2206803
nc-0013-00-000013.jpg,640,640,31.5400561,31.8508112,31.5603679,31.7162438,31.4451802,31.6915179,31.4248684,31.8260853
nc-0014-00-000014.jpg,640,640,31.119151,33.2032124,31.1393998,33.0676864,31.0241539,33.0427483,31.0039052,33.1782743
nc-0015-00-000015.jpg,640,640,34.6557137,36.0300719,34.6759967,35.8951519,34.5608587,35.8702829,34.5405757,36.0052028
nc-0016-00-000016.jpg,640,640,35.2042646,32.5713584,35.2245764,32.4367909,35.1093877,32.4120653,35.0890758,32.5466327
nc-0017-00-000017.jpg,640,640,31.306779,33.1493781,31.327027,33.0138521,31.2117829,32.9889162,31.1915349,33.1244423
nc-0018-00-000018.jpg,640,640,35.5208595,35.9585689,35.5411412,35.8236488,35.4260031,35.7987818,35.4057214,35.933702
nc-0019-00-000019.jpg,640,640,29.3055605,34.7705871,29.3258969,34.9047297,29.441043,34.879905,29.4207067,34.7457624
nc-0020-00-000020.jpg,640,640,35.6750158,35.8515704,35.695298,35.7166503,35.5801599,35.691783,35.5598777,35.826703
nc-0021-00-000021.jpg,640,640,35.5393839,35.961795,35.5596661,35.826875,35.444528,35.8020076,35.4242458,35.9369277
nc-0022-00-000022.jpg,640,640,31.3122321,33.2126307,31.332518,33.0777254,31.2173612,33.0528421,31.1970753,33.1877474
nc-0023-00-000023.jpg,640,640,35.4574207,35.9519627,35.4776714,35.8164375,35.3624257,35.7914997,35.342175,35.9270249
nc-0024-00-000024.jpg,640,640,30.3876424,32.5801014,30.4079575,32.4455345,30.2927702,32.4208063,30.2724551,32.5553732
nc-0025-00-000025.jpg,640,640,36.0543856,33.214627,36.0746504,33.3501344,36.1898205,33.3252496,36.1695558,33.1897423
nc-0026-00-000026.jpg,640,640,31.0496285,33.074405,31.0698933,33.2099123,31.1850634,33.1850275,31.1647987,33.0495202
nc-0027-00-000027.jpg,640,640,31.5736658,30.6815647,31.5939627,30.5466518,31.4787796,30.521857,31.4584827,30.6567698
nc-0028-00-000028.jpg,640,640,35.4587999,32.9357445,35.4790877,32.8008131,35.36386,32.7759779,35.3435722,32.9109093
nc-0029-00-000029.jpg,640,640,35.6359178,34.3955814,35.6561842,34.2602688,35.5410027,34.2353554,35.5207363,34.370668
nc-0030-00-000030.jpg,640,640,31.2659779,33.1840798,31.2862442,33.0487672,31.1710627,33.0238538,31.1507963,33.1591664
nc-0031-00-000031.jpg,640,640,34.8645279,33.6969399,34.8848554,33.8310865,35.0000395,33.8062642,34.979712,33.6721177
nc-0032-00-000032.jpg,640,640,31.5874375,30.8240569,31.6077337,30.6891439,31.4925504,30.6643504,31.4722541,30.7992635
nc-0033-00-000033.jpg,640,640,35.6194927,35.7917522,35.6397422,35.6562269,35.5244963,35.6312904,35.5042469,35.7668156
nc-0034-00-000034.jpg,640,640,34.9674993,35.8885691,34.9877807,35.7540249,34.8725389,35.7292286,34.8522575,35.8637729
nc-0035-00-000035.jpg,640,640,34.4994104,35.8316947,34.5196918,35.6971505,34.40445,35.6723542,34.3841685,35.8068985
nc-0036-00-000036.jpg,640,640,31.6339645,31.0813126,31.6542313,30.9459893,31.5389245,30.9211316,31.5186577,31.0564549
nc-0037-00-000037.jpg,640,640,31.466142,32.0639569,31.4864539,31.9293897,31.3711796,31.9046469,31.3508677,32.0392141
nc-0038-00-000038.jpg,640,640,33.1935318,35.2150701,33.2138586,35.3492167,33.3291285,35.3243769,33.3088017,35.1902303
nc-0039-00-000039.jpg,640,640,35.2280654,32.5473536,35.2483545,32.412422,35.1330442,32.3875694,35.112755,32.522501
nc-0040-00-000040.jpg,640,640,35.7339261,34.5333609,35.7541928,34.3980485,35.6389273,34.3731172,35.6186607,34.5084296
nc-0041-00-000041.jpg,640,640,34.8333841,33.4846871,34.8536508,33.3493748,34.7383853,33.3244435,34.7181187,33.4597559
nc-0042-00-000042.jpg,640,640,31.3653564,32.3262135,31.3856458,32.191282,31.2703353,32.1664283,31.2500458,32.3013598
nc-0043-00-000043.jpg,640,640,35.536192,34.005085,35.5565053,33.870518,35.4412312,33.8457736,35.4209179,33.9803405
nc-0044-00-000044.jpg,640,640,35.6890988,34.3744401,35.7093654,34.2391278,35.5940998,34.2141963,35.5738332,34.3495085
nc-0045-00-000045.jpg,640,640,34.582691,35.877387,34.6029749,35.7428434,34.4876524,35.7180264,34.4673685,35.85257
nc-0046-00-000046.jpg,640,640,31.4518421,30.6611296,31.4721128,30.5258072,31.3568084,30.5009458,31.3365377,30.6362682
nc-0047-00-000047.jpg,640,640,31.05942,33.1150387,31.0796821,33.2505468,31.1949382,33.2256468,31.1746761,33.0901387
nc-0048-00-000048.jpg,640,640,31.2039004,32.9781515,31.224165,32.8428389,31.1088993,32.8179102,31.0886347,32.9532228
nc-0049-00-000049.jpg,640,640,31.2010865,32.9368603,31.2213746,32.8019289,31.1060638,32.7770768,31.0857757,32.9120082
nc-0050-00-000050.jpg,640,640,36.2172646,29.641596,36.2375327,29.5062731,36.1222279,29.4814144,36.1019598,29.6167373
nw-0001-00-000001.jpg,640,640,32.8277707,33.4572911,32.8480599,33.3223862,32.7329049,33.2974959,32.7126158,33.4324008
nw-0002-00-000002.jpg,640,640,34.0503416,31.3143719,34.0706251,31.4487787,34.1860492,31.4240545,34.1657657,31.2896478
nw-0003-00-000003.jpg,640,640,33.9983509,30.3900193,34.0186344,30.5244261,34.1340586,30.4997019,34.1137751,30.3652951
nw-0004-00-000004.jpg,640,640,32.10673,30.6800234,32.1270294,30.5451113,32.0118467,30.5203108,31.9915474,30.6552229
nw-0005-00-000005.jpg,640,640,34.3829795,31.3050632,34.4032789,31.1701511,34.2880962,31.1453506,34.2677969,31.2802627
nw-0006-00-000006.jpg,640,640,34.2777666,31.2127679,34.2980659,31.0778558,34.1828833,31.0530553,34.1625839,31.1879674
nw-0007-00-000007.jpg,640,640,32.8213219,30.1997132,32.8416213,30.0648011,32.7264386,30.0400006,32.7061393,30.1749127
nw-0008-00-000008.jpg,640,640,31.2902551,33.3262886,31.3105323,33.4617908,31.4256552,33.4368984,31.405378,33.3013962
nw-0009-00-000009.jpg,640,640,31.310564,33.4620026,31.3308413,33.5975048,31.4459642,33.5726124,31.4256869,33.4371101
nw-0010-00-000010.jpg,640,640,31.243905,32.4320743,31.2641822,32.5675766,31.3793052,32.5426841,31.3590279,32.4071819
nw-0011-00-000011.jpg,640,640,31.5662728,32.1999707,31.58655,32.3354729,31.7016729,32.3105805,31.6813957,32.1750782
nw-0012-00-000012.jpg,640,640,34.2488451,31.3620157,34.2691223,31.4975179,34.3842452,31.4726255,34.363968,31.3371233
nw-0013-00-000013.jpg,640,640,35.0329302,32.110702,35.0532075,32.2462042,35.1683304,32.2213118,35.1480531,32.0858095
nw-0014-00-000014.jpg,640,640,33.045765,34.233106,33.0660842,34.3675434,33.1812211,34.3426781,33.160902,34.2082406
nw-0015-00-000015.jpg,640,640,33.655864,34.1410425,33.6761832,34.2754799,33.7913201,34.2506146,33.7710009,34.1161771
nw-0016-00-000016.jpg,640,640,34.4925925,34.7056006,34.5128829,34.5706961,34.3977272,34.5458043,34.3774368,34.6807088
nw-0017-00-000017.jpg,640,640,33.9431304,33.8773079,33.9634446,34.0120062,34.0786046,33.9872124,34.0582904,33.8525142
nw-0018-00-000018.jpg,640,640,35.627332,33.3754128,35.6476462,33.5101111,35.7628062,33.4853173,35.742492,33.3506191
nw-0019-00-000019.jpg,640,640,34.8701107,31.4970356,34.8904248,31.3624688,34.7752378,31.3377386,34.7549236,31.4723054
nw-0020-00-000020.jpg,640,640,32.1913868,31.3766966,32.211701,31.2421298,32.0965139,31.2173996,32.0761997,31.3519664
nw-0021-00-000021.jpg,640,640,34.8122129,32.0824304,34.8325271,31.9478636,34.71734,31.9231334,34.6970259,32.0577002
nw-0022-00-000022.jpg,640,640,34.4594033,32.841555,34.4797175,32.7069882,34.3645304,32.682258,34.3442163,32.8168248
nw-0023-00-000023.jpg,640,640,33.4838885,34.2629342,33.5042246,34.397077,33.6193705,34.3722497,33.5990345,34.2381069
nw-0024-00-000024.jpg,640,640,35.0976522,34.3335943,35.1179882,34.4677372,35.2331341,34.4429099,35.2127981,34.3087671
nw-0025-00-000025.jpg,640,640,33.8843413,34.6579736,33.9046773,34.7921165,34.0198232,34.7672892,33.9994872,34.6331464
nw-0026-00-000026.jpg,640,640,34.8729316,35.3281478,34.8932676,35.4622907,35.0084135,35.4374634,34.9880775,35.3033206
nw-0027-00-000027.jpg,640,640,35.400811,35.3892036,35.4210606,35.2536776,35.3058149,35.2287381,35.2855653,35.3642642
nw-0028-00-000028.jpg,640,640,34.1944212,30.6135972,34.2147192,30.4786848,34.0995363,30.4538861,34.0792383,30.5887984
nw-0029-00-000029.jpg,640,640,33.5095858,29.3857747,33.5298789,29.5199501,33.6453425,29.4952206,33.6250494,29.3610452
nw-0030-00-000030.jpg,640,640,35.3641725,32.3284935,35.3844873,32.4631918,35.4996473,32.438398,35.4793325,32.3036998
nw-0031-00-000031.jpg,640,640,35.4591658,32.1687524,35.4794807,32.3034506,35.5946406,32.2786568,35.5743258,32.1439586
nw-0032-00-000032.jpg,640,640,34.9931242,32.3136358,35.0134397,32.1790693,34.8982537,32.1543384,34.8779383,32.2889049
nw-0033-00-000033.jpg,640,640,34.2645013,33.5940198,34.2848168,33.4594533,34.1696308,33.4347224,34.1493154,33.5692889
nw-0034-00-000034.jpg,640,640,34.9314073,32.0912986,34.9516953,31.9563673,34.8364667,31.9315297,34.8161788,32.0664609
nw-0035-00-000035.jpg,640,640,34.2822644,31.6107325,34.3025523,31.4758012,34.1873237,31.4509636,34.1670358,31.5858948
nw-0036-00-000036.jpg,640,640,34.0905243,32.7648079,34.1108122,32.6298767,33.9955836,32.605039,33.9752957,32.7399703
nw-0037-00-000037.jpg,640,640,34.4613092,33.6693891,34.4816253,33.8038272,34.5967635,33.7789666,34.5764474,33.6445285
nw-0038-00-000038.jpg,640,640,34.7887961,34.2604819,34.8091123,34.39492,34.9242504,34.3700594,34.9039343,34.2356213
nw-0039-00-000039.jpg,640,640,35.2999805,34.4497364,35.3202672,34.3148312,35.2051099,34.2899447,35.1848232,34.4248499
nw-0040-00-000040.jpg,640,640,33.8680559,33.8253604,33.8883426,33.6904552,33.7731853,33.6655687,33.7528987,33.8004739
nw-0041-00-000041.jpg,640,640,34.8518365,30.7432735,34.8721204,30.8776801,34.9875445,30.8529566,34.9672606,30.71855
nw-0042-00-000042.jpg,640,640,35.0222324,29.4148703,35.0425163,29.5492769,35.1579404,29.5245534,35.1376565,29.3901469
nw-0043-00-000043.jpg,640,640,34.5350929,31.4805729,34.5553612,31.3452493,34.4401382,31.3204051,34.4198698,31.4557287
nw-0044-00-000044.jpg,640,640,35.6841518,31.853182,35.7044201,31.7178584,35.5891971,31.6930142,35.5689287,31.8283378
nw-0045-00-000045.jpg,640,640,35.2870254,31.9579482,35.3073392,31.8233811,35.1921518,31.7986525,35.1718381,31.9332197
nw-0046-00-000046.jpg,640,640,31.935549,32.9757024,31.9558628,32.8411353,31.8406755,32.8164068,31.8203617,32.9509739
nw-0047-00-000047.jpg,640,640,32.1369848,31.4382057,32.1572985,31.3036386,32.0421112,31.27891,32.0217974,31.4134771
nw-0048-00-000048.jpg,640,640,32.5179127,34.6593322,32.5382499,34.7934747,32.6533957,34.7686468,32.6330585,34.6345043
nw-0049-00-000049.jpg,640,640,34.1532773,34.708226,34.1736144,34.8423685,34.2887603,34.8175406,34.2684231,34.6833981
nw-0050-00-000050.jpg,640,640,34.2190292,35.5224404,34.2392803,35.3869146,34.1240347,35.361974,34.1037835,35.4974997
oc-0001.jpg,640,640,34.4925486868232,35.8685044514162,34.5141161525193,35.7317537824136,34.3990598660537,35.7041327209138,34.3774924003576,35.8408833899164
oc-0002.jpg,640,640,31.5498818620312,34.4635424789476,31.5707018227506,34.3312122523348,31.4554391983225,34.3062560650867,31.4346192376031,34.4385862916994
oc-0003.jpg,640,640,31.4451268115287,34.3718008804558,31.4659467722481,34.2394706538431,31.35068414782,34.2145144665949,31.3298641871006,34.3468446932076
oc-0004.jpg,640,640,31.2136191734057,32.3723676102111,31.2327273671333,32.504828445413,31.34809269662,32.4818839381014,31.3289845028924,32.3494231028996
oc-0005.jpg,640,640,31.3424411804524,30.1771535972457,31.3631411659092,30.0451777502467,31.2478249887836,30.0203875590497,31.2271250033268,30.1523634060487
oc-0006.jpg,640,640,31.2236462379384,32.3416231719843,31.2450242048355,32.4735825087116,31.3602883219296,32.4478992069085,31.3389103550325,32.3159398701813
oc-0007.jpg,640,640,31.1154868176444,32.3598232695963,31.1347289635064,32.4921430972735,31.2496332195321,32.4691369160006,31.2303910736701,32.3368170883234
oc-0008.jpg,640,640,31.23024783143,32.3356979514891,31.249480593931,32.4681241239258,31.3643840399837,32.4451169117781,31.3451512774826,32.3126907393415
oc-0009.jpg,640,640,31.31483594903,34.2283449403108,31.3343103339777,34.3609883615551,31.4494177111228,34.3375535757515,31.4299433261751,34.2049101545073
oc-0010.jpg,640,640,33.9493900092575,35.540255464333,33.9706611324469,35.4040965305278,33.8555201695533,35.3774862330566,33.8342490463638,35.5136451668618
oc-0011.jpg,640,640,33.8282116742063,35.4926316356396,33.8494827973957,35.3564727018344,33.7343418345021,35.3298624043631,33.7130707113127,35.4660213381684
oc-0012.jpg,640,640,33.5783096594053,35.4248250192372,33.5995931301991,35.2893822464896,33.484390363246,35.2631087081459,33.4631068924521,35.3985514808935
oc-0013.jpg,640,640,31.5501585889792,34.4815760860473,31.5709799744222,34.349247759066,31.4557166200249,34.3242905985256,31.4348952345819,34.4566189255068
oc-0014.jpg,640,640,34.6778210344557,33.1230949619843,34.6984496603805,32.9855165483692,34.5831813471247,32.9605167934829,34.5625527211999,33.098095207098
oc-0015.jpg,640,640,34.0438117678454,35.698354052029,34.065227561949,35.562049246374,33.9500323253056,35.5348942604597,33.9286165312019,35.6711990661146
oc-0016.jpg,640,640,33.8579719868258,35.5246163768046,33.8793946627119,35.3887865705413,33.7641551037231,35.3619475639843,33.742732427837,35.4977773702476
oc-0017.jpg,640,640,33.5449280877319,35.3965407656627,33.5662059333787,35.2611232407283,33.450924974397,35.2347829823207,33.4296471287502,35.3702005072551
oc-0018.jpg,640,640,31.5607968735448,34.4858978618753,31.5817197599822,34.353004230646,31.4663994710073,34.3275724585526,31.44547658457,34.4604660897819
oc-0019.jpg,640,640,31.4154441349873,34.3336334188164,31.4362630908698,34.2015379179447,31.3209470636589,34.1762942722895,31.3001281077764,34.3083897731612
oc-0020.jpg,640,640,31.2316368859173,30.0280121522358,31.2512094195707,30.1602375640561,31.3666255311007,30.1365390083481,31.3470529974473,30.0043135965278
oc-0021.jpg,640,640,31.2528142005057,30.0581410015143,31.2732716401674,30.190332086057,31.3882562338402,30.1658621732537,31.3677987941785,30.0336710887111
oc-0022.jpg,640,640,31.3741390314566,30.2233603332123,31.3955196212572,30.3556758301075,31.510567905226,30.3300475450223,31.4891873154255,30.1977320481271
oc-0023.jpg,640,640,31.4860078333427,30.7373532440986,31.5068417822085,30.8700089479841,31.6218638525027,30.8450179644573,31.6010299036369,30.7123622605719
oc-0024.jpg,640,640,31.6452866570509,31.0331488861112,31.6667888450479,30.9010299975486,31.551489570061,30.8752295378946,31.529987382064,31.0073484264572
oc-0025.jpg,640,640,31.5555078565669,30.3839920003567,31.5764650198616,30.2516359273209,31.4611877375329,30.2264868926597,31.4402305742383,30.3588429656956
oc-0026.jpg,640,640,31.368980423902,30.1807774146411,31.3898007957499,30.0483637702484,31.2745300866459,30.0233782061555,31.2537097147981,30.1557918505483
oc-0027.jpg,640,640,31.2010427327081,32.9874114442877,31.2225434847256,32.8553284315526,31.1071964005872,32.829486111201,31.0856956485698,32.9615691239361
oc-0028.jpg,640,640,34.0598321202301,35.7329739899673,34.0814005357418,35.5969518296266,33.9662503265715,35.5699960133975,33.9446819110599,35.7060181737382
oc-0029.jpg,640,640,31.5492975569797,34.4815420768059,31.5701156180677,34.3492128000089,31.4548525069935,34.3242580726992,31.4340344459055,34.4565873494962
oc-0030.jpg,640,640,31.4131886950648,34.3357632272745,31.4340067561528,34.2034339504775,31.3187436450786,34.1784792231678,31.2979255839906,34.3108084999648
oc-0031.jpg,640,640,31.2367163181381,30.0330501304643,31.2582137818679,30.1655116540843,31.3737388799906,30.1396009728591,31.3522414162608,30.0071394492391
oc-0032.jpg,640,640,31.378332945974,30.128699182174,31.399035289275,29.9967238067439,31.2837203293955,29.9719306941562,31.2630179860946,30.1039060695863
oc-0033.jpg,640,640,31.3657713618322,32.4836895500574,31.3867413716278,32.3516498815846,31.2714904618476,32.3263742702311,31.250520452052,32.4584139387039
oc-0034.jpg,640,640,31.3514088483343,32.3436936726783,31.3722434940725,32.2115945296636,31.2569991577156,32.1864804893696,31.2361645119774,32.3185796323843
oc-0035.jpg,640,640,34.0015553085216,35.6510031712874,34.0229720410501,35.51469789642,33.9077768044066,35.4875412058,33.8863600718782,35.6238464806675
oc-0036.jpg,640,640,33.5610899715181,35.4053890621435,33.5803106674541,35.2696969847565,33.465295410034,35.2456887170667,33.446074714098,35.3813807944537
oc-0037.jpg,640,640,31.3418273244656,32.4109164124654,31.362779698205,32.2785949985175,31.2474545717409,32.2534083136012,31.2265021980016,32.3857297275491
oc-0038.jpg,640,640,31.2894836114087,34.198607383059,31.310982991412,34.3308468982063,31.4261332292018,34.304371247009,31.4046338491985,34.1721317318617
oc-0039.jpg,640,640,31.3875072818069,34.3174784463785,31.4088700620301,34.4497764024752,31.5240170562883,34.4234643874481,31.5026542760651,34.2911664313513
oc-0040.jpg,640,640,31.4850901406158,34.4324695623397,31.5061782958896,34.5648891516318,31.6213160460827,34.5389060307109,31.6002278908089,34.4064864414188
oc-0041.jpg,640,640,33.8111871637101,35.5322354322615,33.832453537821,35.3960755486406,33.7173081951121,35.3694910434147,33.6960418210013,35.5056509270356
oc-0042.jpg,640,640,34.3522937830548,35.7620155577835,34.3735473421753,35.8986905276828,34.4881678862318,35.868675878272,34.4669143271112,35.7320009083727
oc-0043.jpg,640,640,34.0344915898462,35.6606781934538,34.0537881007718,35.5244729258064,33.9385042573391,35.5014537501803,33.9192077464135,35.6376590178277
oc-0044.jpg,640,640,33.8448819103395,35.5198694003137,33.8640262664249,35.3836023343928,33.7487555708243,35.360770393634,33.7296112147389,35.4970374595549
oc-0045.jpg,640,640,31.2456968042795,30.0301983153529,31.2652602547742,30.1630874990768,31.3804319071743,30.1394645072921,31.3608684566796,30.0065753235682
oc-0046.jpg,640,640,31.1806667858132,32.3997791569314,31.1997768153226,32.5322399921332,31.3151421448093,32.5092925588795,31.2960321152999,32.3768317236776
oc-0047.jpg,640,640,31.2307069329097,30.0440259660793,31.252203937694,30.1764865718084,31.3677291577309,30.1505768658972,31.3462321529466,30.0181162601682
oc-0048.jpg,640,640,34.7306584633055,33.3786743705957,34.7515989424393,33.2412346325249,34.6363200984388,33.215850464314,34.615379619305,33.3532902023848
oc-0049.jpg,640,640,31.3039420530049,32.51871868616,31.3250490738515,32.3867396129351,31.2097927132874,32.3613008947476,31.1886856924408,32.4932799679725
oc-0050.jpg,640,640,34.4891160097001,35.8714004578758,34.5105242964047,35.7341145290125,34.3952567315384,35.7073818230255,34.3738484448338,35.8446677518887
ow-0001.jpg,640,640,33.3063075949622,33.1445256369044,33.3252260245976,33.0089451408765,33.2100446700746,32.9864942079466,33.1911262404391,33.1220747039746
ow-0002.jpg,640,640,31.6193082222708,31.972815812489,31.6387927512656,32.1061270736059,31.7541920338734,32.0826405355003,31.7347075048785,31.9493292743834
ow-0003.jpg,640,640,31.5053938536421,30.5733086524889,31.5258526764498,30.7054993910461,31.6408370473951,30.6810278534283,31.6203782245874,30.548837114871
ow-0004.jpg,640,640,31.6449358671299,31.1283622835893,31.6652193254769,31.2613574726679,31.7801461134815,31.2370197692597,31.7598626551345,31.1040245801811
ow-0005.jpg,640,640,31.8561807085142,32.0928140127452,31.876639531322,32.2250047513025,31.9916239022673,32.2005332136847,31.9711650794596,32.0683424751274
ow-0006.jpg,640,640,32.3066615420264,32.4171253389574,32.32771582768,32.5508188681694,32.4429257297326,32.5252985579122,32.421871444079,32.3916050287003
ow-0007.jpg,640,640,31.7113332711167,31.2596696205367,31.7310458042873,31.1268297623978,31.6158064716117,31.1031294647472,31.5960939384411,31.2359693228862
ow-0008.jpg,640,640,34.007546490362,35.2080834959405,34.027330889821,35.3444096013791,34.1424457731161,35.3200266767827,34.1226613736572,35.183700571344
ow-0009.jpg,640,640,34.653566407125,34.9709927385402,34.6740268847044,34.8332831108453,34.5587839163044,34.807722998774,34.538323438725,34.9454326264689
ow-0010.jpg,640,640,34.1626331980133,33.4284983110163,34.1816273867233,33.2921967898483,34.0664759853664,33.2686474997839,34.0474817966563,33.4049490209519
ow-0011.jpg,640,640,31.3122606534824,32.2711148890554,31.3314833589451,32.4036479836889,31.4463862159264,32.3806419496839,31.4271635104637,32.2481088550504
ow-0012.jpg,640,640,31.4385420948396,30.0171227244156,31.4589995345013,30.1493138089582,31.573984128174,30.1248438961549,31.5535266885123,29.9926528116123
ow-0013.jpg,640,640,31.6626955127127,31.6094496875649,31.6831529523744,31.7416407721075,31.7981375460472,31.7171708593042,31.7776801063855,31.5849797747616
ow-0014.jpg,640,640,31.5573945413027,30.2958548666804,31.5778519809644,30.4280459512231,31.6928365746372,30.4035760384198,31.6723791349755,30.2713849538771
ow-0017.jpg,640,640,33.5345568376997,29.9776776390029,33.5555274804965,30.1134226543866,33.6708692486275,30.0875610105285,33.6498986058306,29.9518159951448
ow-0018.jpg,640,640,33.6503239961792,30.0921676158407,33.671294638976,30.2279126312244,33.786636407107,30.2020509873663,33.7656657643101,30.0663059719826
ow-0019.jpg,640,640,34.2752850057587,30.6302681466946,34.2952998238691,30.7674633950958,34.4105888297008,30.7425754862327,34.3905740115904,30.6053802378315
ow-0020.jpg,640,640,34.2973201266583,30.7685750945492,34.3173349447687,30.9057703429504,34.4326239506005,30.8808824340873,34.41260913249,30.7436871856861
ow-0021.jpg,640,640,33.127526826602,30.382644230855,33.1479461021394,30.2474509842703,33.0327470841865,30.222452150864,33.0123278086491,30.3576453974488
ow-0022.jpg,640,640,32.238620364328,31.0021668986489,32.260101379388,30.869198475729,32.1448197968189,30.8432666744461,32.123338781759,30.9762350973659
ow-0023.jpg,640,640,32.1837363018662,30.2682186113911,32.204378963783,30.1348857284783,32.0891320288654,30.1099611663675,32.0684893669486,30.2432940492803
ow-0024.jpg,640,640,31.957113147703,30.9777894015904,31.9784545165385,30.8447586493505,31.8631766198897,30.8189936973961,31.8418352510543,30.9520244496359
ow-0025.jpg,640,640,31.8385393184601,30.7274865164969,31.8597417547657,30.594394624428,31.7444691412695,30.5687971361223,31.7232667049639,30.7018890281911
ow-0026.jpg,640,640,31.6828507667688,30.3333199190155,31.7036711386166,30.2009062746227,31.5884004295126,30.1759207105299,31.5675800576648,30.3083343549226
ow-0027.jpg,640,640,31.5232818982736,30.2264181362019,31.5441022701215,30.0940044918091,31.4288315610175,30.0690189277163,31.4080111891696,30.201432572109
ow-0028.jpg,640,640,31.3165288071637,32.3820985132581,31.3377736452791,32.5141162273121,31.4530319412504,32.4885945033392,31.431787103135,32.3565767892852
ow-0029.jpg,640,640,31.7668522578013,32.0983778770758,31.7882069686904,32.2311896176961,31.9034659945072,32.2054530758646,31.8821112836181,32.0726413352443
ow-0031.jpg,640,640,31.4487356058421,30.2157629222933,31.4679420759835,30.3488881730549,31.5833497726561,30.3257118263265,31.5641433025146,30.1925865755649
ow-0032.jpg,640,640,31.5038598199817,30.3413755488047,31.5229126309902,30.4744826000588,31.6383055711736,30.4514800384299,31.6192527601651,30.3183729871757
ow-0033.jpg,640,640,31.4993475973636,29.9966417968647,31.5188514797101,30.129727884129,31.6342877137253,30.106204333065,31.6147838313787,29.9731182458007
ow-0034.jpg,640,640,34.5581983868181,31.740354948746,34.5769421043072,31.8779053467023,34.6921389452287,31.8545690909525,34.6733952277396,31.7170186929962
ow-0035.jpg,640,640,31.4915513076471,29.9644285812081,31.5109743506023,30.097374863998,31.6261331044374,30.0739212571431,31.6067100614823,29.9409749743532
ow-0036.jpg,640,640,31.9625913744502,31.7738271576342,31.9828328542238,31.6406451774094,31.8676116931379,31.6162705523484,31.8473702133644,31.7494525325732
ow-0038.jpg,640,640,33.7278018478142,33.4929609131177,33.7469616685149,33.356641561877,33.6317965077487,33.3329003706692,33.6126366870479,33.4692197219098
ow-0039.jpg,640,640,33.6815755909021,33.3433938975962,33.7005716564619,33.2070923764282,33.585420255105,33.1835396769526,33.5664241895452,33.3198411981206
ow-0040.jpg,640,640,32.9683034557422,33.9933031577273,32.9882773600232,33.8582417650334,32.8729172539964,33.8344340903076,32.8529433497154,33.9694954830015
ow-0041.jpg,640,640,34.7088686849231,33.5644443483513,34.7299613312772,33.4271072022537,34.6147138855807,33.4009007022888,34.5936212392266,33.5382378483864
ow-0042.jpg,640,640,32.8155732909572,31.1695105756365,32.8348636945592,31.0347451993361,32.7196688933542,31.0112814413184,32.7003784897522,31.1460468176188
ow-0043.jpg,640,640,33.6937149014854,33.806385613042,33.7131971375521,33.670173341589,33.5980741805656,33.6461651410176,33.5785919444989,33.7823774124706
ow-0044.jpg,640,640,33.5532155098677,33.7684766527212,33.5727452404153,33.6329777483714,33.4575152212784,33.609741855221,33.4379854907308,33.7452407595708
ow-0045.jpg,640,640,34.6661409810421,35.5148882833061,34.6850494255904,35.3776570339423,34.5699881213888,35.3536456839545,34.5510796768405,35.4908769333183
ow-0046.jpg,640,640,31.2803347953496,32.3979606275394,31.2994439666687,32.5304222416691,31.4148094790268,32.507477002872,31.3957003077078,32.3750153887423
ow-0047.jpg,640,640,31.5447836176374,31.7980693043823,31.5645583098868,31.9312634505153,31.6799842917172,31.9074272623158,31.6602095994678,31.7742331161828
ow-0048.jpg,640,640,31.7406630454651,32.1339934786006,31.7600021657401,32.2673606601755,31.8753887083078,32.244049495731,31.8560495880328,32.1106823141561
ow-0049.jpg,640,640,31.8410107928225,31.8660215195187,31.860641824347,31.9992757920254,31.9760557976229,31.9756142460015,31.9564247660984,31.8423599734947
ow-0050.jpg,640,640,31.885911728728,31.4891716202609,31.9058300817024,31.6223056400202,32.0212681940015,31.5982948096451,32.0013498410272,31.4651607898858
